{
  "meta": {
    "startedAt": "2025-12-18T21:24:37.678Z",
    "runs": 1,
    "seed": 1337,
    "enginePerf": true,
    "enginePerfDetailed": true,
    "enginePerfSplit": true,
    "warmupStepsOverride": 10,
    "measureStepsOverride": 30,
    "baselineConfig": {},
    "optimizations": [],
    "worlds": [
      {
        "width": 1024,
        "height": 768
      }
    ],
    "targetParticles": 500000,
    "targetDensity": null,
    "occupancies": null,
    "randomElementsN": 5,
    "contentBundleLoaded": true,
    "world": {
      "width": 1024,
      "height": 768,
      "cells": 786432
    }
  },
  "scenarios": [
    {
      "id": "random5_elements_scatter",
      "label": "Random scatter (5 elements, target=500000)",
      "occupancy": null,
      "targetCount": 500000,
      "baseline": {
        "config": {},
        "outer": {
          "n": 30,
          "avg": 779.7269937666664,
          "p50": 778.6110459999982,
          "p95": 791.8756200000007,
          "p99": 792.9477559999978,
          "max": 792.9477559999978
        },
        "fps": {
          "n": 30,
          "avg": 1.2825001673588978,
          "p50": 1.2843383164641133,
          "p95": 1.2628245834869865,
          "p99": 1.2611171321607257,
          "min": 1.2611171321607257
        },
        "perfStepMs": {
          "n": 30,
          "avg": 779.7167435666665,
          "p50": 778.6027350000004,
          "p95": 791.8661210000009,
          "p99": 792.9394460000003,
          "max": 792.9394460000003
        },
        "perfBreakdown": {
          "rigid_ms": {
            "n": 30,
            "avg": 0.0017415000007531488,
            "p50": 0.0011880000001838198,
            "p95": 0.002375000000029104,
            "p99": 0.010686000001442153,
            "max": 0.010686000001442153
          },
          "physics_ms": {
            "n": 30,
            "avg": 13.652189933333648,
            "p50": 13.663508999999976,
            "p95": 14.080253000000084,
            "p99": 14.141993000001094,
            "max": 14.141993000001094
          },
          "physics_raycast_ms": {
            "n": 30,
            "avg": 8.11164286044487,
            "p50": 7.090214292674936,
            "p95": 13.514327862320172,
            "p99": 13.600581000002421,
            "max": 13.600581000002421
          },
          "physics_other_ms": {
            "n": 30,
            "avg": 5.540547072888775,
            "p50": 6.803353367895198,
            "p95": 8.675394635090289,
            "p99": 9.37516114265657,
            "max": 9.37516114265657
          },
          "chunks_ms": {
            "n": 30,
            "avg": 755.4007316333333,
            "p50": 754.222608,
            "p95": 767.3708269999988,
            "p99": 768.7077330000029,
            "max": 768.7077330000029
          },
          "chunks_empty_ms": {
            "n": 30,
            "avg": 21.057207594031176,
            "p50": 6.8812927107954,
            "p95": 70.37127961319712,
            "p99": 108.10065107808445,
            "max": 108.10065107808445
          },
          "chunks_non_empty_ms": {
            "n": 30,
            "avg": 733.5626363836353,
            "p50": 804.8963276177807,
            "p95": 938.2994897747823,
            "p99": 952.0290406357027,
            "max": 952.0290406357027
          },
          "temperature_ms": {
            "n": 30,
            "avg": 9.994339933333686,
            "p50": 9.997110000000248,
            "p95": 10.20251400000052,
            "p99": 10.38535899999988,
            "max": 10.38535899999988
          },
          "temperature_air_ms": {
            "n": 30,
            "avg": 4.899601105468256,
            "p50": 4.924162046887796,
            "p95": 6.386419942140355,
            "p99": 6.4606680331833815,
            "max": 6.4606680331833815
          },
          "temperature_particle_ms": {
            "n": 30,
            "avg": 6.296424909246785,
            "p50": 6.30168726073444,
            "p95": 6.976448920445113,
            "p99": 7.311181959096918,
            "max": 7.311181959096918
          },
          "powder_ms": {
            "n": 30,
            "avg": 125.37228579992643,
            "p50": 125.13828599824046,
            "p95": 127.38834100025997,
            "p99": 127.45117500205379,
            "max": 127.45117500205379
          },
          "liquid_ms": {
            "n": 30,
            "avg": 123.0220294333958,
            "p50": 123.47502399859877,
            "p95": 125.2630739999131,
            "p99": 125.48288100020363,
            "max": 125.48288100020363
          },
          "gas_ms": {
            "n": 30,
            "avg": 128.19183569980189,
            "p50": 127.98677399983535,
            "p95": 132.32770399993933,
            "p99": 135.412221000317,
            "max": 135.412221000317
          },
          "energy_ms": {
            "n": 30,
            "avg": 0,
            "p50": 0,
            "p95": 0,
            "p99": 0,
            "max": 0
          },
          "utility_ms": {
            "n": 30,
            "avg": 0,
            "p50": 0,
            "p95": 0,
            "p99": 0,
            "max": 0
          },
          "bio_ms": {
            "n": 30,
            "avg": 0,
            "p50": 0,
            "p95": 0,
            "p99": 0,
            "max": 0
          }
        },
        "perfCounters": {
          "particles_processed": {
            "n": 30,
            "avg": 786432,
            "p50": 786432,
            "p95": 786432,
            "p99": 786432,
            "max": 786432
          },
          "chunk_empty_cells": {
            "n": 30,
            "avg": 327461.6666666667,
            "p50": 327450,
            "p95": 328434,
            "p99": 328498,
            "max": 328498
          },
          "chunk_non_empty_cells": {
            "n": 30,
            "avg": 458970.3333333333,
            "p50": 459161,
            "p95": 459699,
            "p99": 459764,
            "max": 459764
          },
          "particles_moved": {
            "n": 30,
            "avg": 118928.7,
            "p50": 118569,
            "p95": 125843,
            "p99": 128508,
            "max": 128508
          },
          "reactions_checked": {
            "n": 30,
            "avg": 182325.33333333334,
            "p50": 182928,
            "p95": 186777,
            "p99": 186979,
            "max": 186979
          },
          "reactions_applied": {
            "n": 30,
            "avg": 0,
            "p50": 0,
            "p95": 0,
            "p99": 0,
            "max": 0
          },
          "temp_cells": {
            "n": 30,
            "avg": 400000,
            "p50": 400000,
            "p95": 400000,
            "p99": 400000,
            "max": 400000
          },
          "simd_air_cells": {
            "n": 30,
            "avg": 386432,
            "p50": 386432,
            "p95": 386432,
            "p99": 386432,
            "max": 386432
          },
          "phase_changes": {
            "n": 30,
            "avg": 216.23333333333332,
            "p50": 36,
            "p95": 1553,
            "p99": 3127,
            "max": 3127
          },
          "liquid_scans": {
            "n": 30,
            "avg": 46134.46666666667,
            "p50": 47736,
            "p95": 55862,
            "p99": 56474,
            "max": 56474
          },
          "physics_calls": {
            "n": 30,
            "avg": 400000,
            "p50": 400000,
            "p95": 400000,
            "p99": 400000,
            "max": 400000
          },
          "raycast_steps_total": {
            "n": 30,
            "avg": 387345.4,
            "p50": 392443,
            "p95": 434281,
            "p99": 442311,
            "max": 442311
          },
          "raycast_collisions": {
            "n": 30,
            "avg": 52682.03333333333,
            "p50": 54314,
            "p95": 72917,
            "p99": 74323,