{
  "meta": {
    "startedAt": "2025-12-18T16:33:29.337Z",
    "runs": 1,
    "seed": 1337,
    "enginePerf": true,
    "enginePerfDetailed": false,
    "warmupStepsOverride": 10,
    "measureStepsOverride": 60,
    "baselineConfig": {},
    "optimizations": [],
    "worlds": [
      {
        "width": 2000,
        "height": 2000
      }
    ],
    "targetParticles": 200000,
    "targetDensity": null,
    "occupancies": [
      0.6,
      0.8
    ],
    "randomElementsN": 5,
    "contentBundleLoaded": true,
    "world": {
      "width": 2000,
      "height": 2000,
      "cells": 4000000
    }
  },
  "scenarios": [
    {
      "id": "random5_elements_scatter_occ_60",
      "label": "Random scatter (5 elements, target=2400000) occ=60%",
      "occupancy": 0.6,
      "targetCount": 2400000,
      "baseline": {
        "config": {},
        "outer": {
          "n": 60,
          "avg": 172.3444218500001,
          "p50": 172.3551269999998,
          "p95": 177.67781600000035,
          "p99": 184.19374500000004,
          "max": 184.19374500000004
        },
        "fps": {
          "n": 60,
          "avg": 5.802334588295231,
          "p50": 5.801974199467829,
          "p95": 5.628164632550402,
          "p99": 5.429066008729015,
          "min": 5.429066008729015
        },
        "perfStepMs": {
          "n": 60,
          "avg": 172.31666666666666,
          "p50": 172,
          "p95": 178,
          "p99": 184,
          "max": 184
        },
        "perfBreakdown": {
          "rigid_ms": {
            "n": 60,
            "avg": 0,
            "p50": 0,
            "p95": 0,
            "p99": 0,
            "max": 0
          },
          "physics_ms": {
            "n": 60,
            "avg": 75.35,
            "p50": 76,
            "p95": 79,
            "p99": 80,
            "max": 80
          },
          "chunks_ms": {
            "n": 60,
            "avg": 50.78333333333333,
            "p50": 52,
            "p95": 56,
            "p99": 57,
            "max": 57
          },
          "temperature_ms": {
            "n": 60,
            "avg": 45.96666666666667,
            "p50": 46,
            "p95": 47,
            "p99": 48,
            "max": 48
          },
          "powder_ms": {
            "n": 60,
            "avg": 0,
            "p50": 0,
            "p95": 0,
            "p99": 0,
            "max": 0
          },
          "liquid_ms": {
            "n": 60,
            "avg": 0,
            "p50": 0,
            "p95": 0,
            "p99": 0,
            "max": 0
          },
          "gas_ms": {
            "n": 60,
            "avg": 0,
            "p50": 0,
            "p95": 0,
            "p99": 0,
            "max": 0
          },
          "energy_ms": {
            "n": 60,
            "avg": 0,
            "p50": 0,
            "p95": 0,
            "p99": 0,
            "max": 0
          },
          "utility_ms": {
            "n": 60,
            "avg": 0,
            "p50": 0,
            "p95": 0,
            "p99": 0,
            "max": 0
          },
          "bio_ms": {
            "n": 60,
            "avg": 0,
            "p50": 0,
            "p95": 0,
            "p99": 0,
            "max": 0
          }
        },
        "perfCounters": {
          "particles_processed": {
            "n": 60,
            "avg": 4000000,
            "p50": 4000000,
            "p95": 4000000,
            "p99": 4000000,
            "max": 4000000
          },
          "particles_moved": {
            "n": 60,
            "avg": 75550.35,
            "p50": 74330,
            "p95": 95967,
            "p99": 99619,
            "max": 99619
          },
          "reactions_checked": {
            "n": 60,
            "avg": 894364.2666666667,
            "p50": 894231,
            "p95": 904883,
            "p99": 912113,
            "max": 912113
          },
          "reactions_applied": {
            "n": 60,
            "avg": 0,
            "p50": 0,
            "p95": 0,
            "p99": 0,
            "max": 0
          },
          "temp_cells": {
            "n": 60,
            "avg": 1440002,
            "p50": 1440002,
            "p95": 1440002,
            "p99": 1440002,
            "max": 1440002
          },
          "simd_air_cells": {
            "n": 60,
            "avg": 2559998,
            "p50": 2559998,
            "p95": 2559998,
            "p99": 2559998,
            "max": 2559998
          },
          "phase_changes": {
            "n": 60,
            "avg": 106.81666666666666,
            "p50": 0,
            "p95": 210,
            "p99": 3853,
            "max": 3853
          },
          "liquid_scans": {
            "n": 60,
            "avg": 437595.06666666665,
            "p50": 440514,
            "p95": 665336,
            "p99": 683190,
            "max": 683190
          },
          "physics_calls": {
            "n": 60,
            "avg": 1440002,
            "p50": 1440002,
            "p95": 1440002,
            "p99": 1440002,
            "max": 1440002
          },
          "raycast_steps_total": {
            "n": 60,
            "avg": 2828818.6666666665,
            "p50": 2865873,
            "p95": 3175987,
            "p99": 3217725,
            "max": 3217725
          },
          "raycast_collisions": {
            "n": 60,
            "avg": 225870.23333333334,
            "p50": 227089,
            "p95": 339921,
            "p99": 348733,
            "max": 348733
          },
          "behavior_calls": {
            "n": 60,
            "avg": 959289.05,
            "p50": 959350,
            "p95": 959776,
            "p99": 959801,
            "max": 959801
          },
          "behavior_powder": {
            "n": 60,
            "avg": 2,
            "p50": 2,
            "p95": 2,
            "p99": 2,
            "max": 2
          },
          "behavior_liquid": {
            "n": 60,
            "avg": 958857.7833333333,
            "p50": 959134,
            "p95": 959535,
            "p99": 959559,
            "max": 959559
          },
          "behavior_gas": {
            "n": 60,
            "avg": 429.26666666666665,
            "p50": 0,
            "p95": 1587,
            "p99": 6027,
            "max": 6027
          },
          "behavior_energy": {
            "n": 60,
            "avg": 0,
            "p50": 0,
            "p95": 0,
            "p99": 0,
            "max": 0
          },
          "behavior_utility": {
            "n": 60,
            "avg": 0,
            "p50": 0,
            "p95": 0,
            "p99": 0,
            "max": 0
          },
          "behavior_bio": {
            "n": 60,
            "avg": 0,
            "p50": 0,
            "p95": 0,
            "p99": 0,
            "max": 0
          },
          "grid_size": {
            "n": 60,
            "avg": 4000000,
            "p50": 4000000,
            "p95": 4000000,
            "p99": 4000000,
            "max": 4000000
          },
          "memory_bytes": {
            "n": 60,
            "avg": 80000000,
            "p50": 80000000,
            "p95": 80000000,
            "p99": 80000000,
            "max": 80000000
          },
          "active_chunks": {
            "n": 60,
            "avg": 3969,
            "p50": 3969,
            "p95": 3969,
            "p99": 3969,
            "max": 3969
          },
          "dirty_chunks": {
            "n": 60,
            "avg": 1044.05,
            "p50": 1043,
            "p95": 1135,
            "p99": 1145,
            "max": 1145
          },
          "particle_count": {
            "n": 60,
            "avg": 1440002,
            "p50": 1440002,
            "p95": 1440002,
            "p99": 1440002,
            "max": 1440002
          },
          "non_empty_cells": {
            "n": 60,
            "avg": 0,
            "p50": 0,
            "p95": 0,
            "p99": 0,
            "max": 0
          }
        },