{
  "meta": {
    "startedAt": "2025-12-18T17:55:07.371Z",
    "runs": 1,
    "seed": 1337,
    "enginePerf": true,
    "enginePerfDetailed": false,
    "enginePerfSplit": true,
    "warmupStepsOverride": 5,
    "measureStepsOverride": 60,
    "baselineConfig": {},
    "optimizations": [],
    "worlds": [
      {
        "width": 2000,
        "height": 2000
      }
    ],
    "targetParticles": 200000,
    "targetDensity": null,
    "occupancies": [
      0.7
    ],
    "randomElementsN": 5,
    "contentBundleLoaded": true,
    "world": {
      "width": 2000,
      "height": 2000,
      "cells": 4000000
    }
  },
  "scenarios": [
    {
      "id": "random5_elements_scatter_occ_70",
      "label": "Random scatter (5 elements, target=2800000) occ=70%",
      "occupancy": 0.7,
      "targetCount": 2800000,
      "baseline": {
        "config": {},
        "outer": {
          "n": 60,
          "avg": 185.05634281666661,
          "p50": 184.95702399999936,
          "p95": 194.5267559999993,
          "p99": 195.6713239999999,
          "max": 195.6713239999999
        },
        "fps": {
          "n": 60,
          "avg": 5.403759659244372,
          "p50": 5.406661387458329,
          "p95": 5.140681007398301,
          "p99": 5.110610893602378,
          "min": 5.110610893602378
        },
        "perfStepMs": {
          "n": 60,
          "avg": 185.04500390000004,
          "p50": 184.94752599999993,
          "p95": 194.51844399999936,
          "p99": 195.6606380000003,
          "max": 195.6606380000003
        },
        "perfBreakdown": {
          "rigid_ms": {
            "n": 60,
            "avg": 0.0015632333333276923,
            "p50": 0.0011870000007547787,
            "p95": 0.002375000000029104,
            "p99": 0.002375000000029104,
            "max": 0.002375000000029104
          },
          "physics_ms": {
            "n": 60,
            "avg": 86.0794962999999,
            "p50": 87.07268199999999,
            "p95": 93.20039799999995,
            "p99": 95.52871500000037,
            "max": 95.52871500000037
          },
          "chunks_ms": {
            "n": 60,
            "avg": 53.46204849999997,
            "p50": 54.09747800000059,
            "p95": 59.92955200000142,
            "p99": 60.60394500000075,
            "max": 60.60394500000075
          },
          "chunks_empty_ms": {
            "n": 60,
            "avg": 11.152007255271114,
            "p50": 10.665414094583296,
            "p95": 14.148347296161388,
            "p99": 21.198045983216236,
            "max": 21.198045983216236
          },
          "chunks_non_empty_ms": {
            "n": 60,
            "avg": 47.10365660442085,
            "p50": 47.02128264101942,
            "p95": 53.48594816187546,
            "p99": 56.140179775852076,
            "max": 56.140179775852076
          },
          "temperature_ms": {
            "n": 60,
            "avg": 45.232257583333286,
            "p50": 45.134461999999985,
            "p95": 46.37282899999991,
            "p99": 48.365138000000115,
            "max": 48.365138000000115
          },
          "temperature_air_ms": {
            "n": 60,
            "avg": 27.033937873265312,
            "p50": 26.933705669298977,
            "p95": 28.880475343784852,
            "p99": 29.430562697957903,
            "max": 29.430562697957903
          },
          "temperature_particle_ms": {
            "n": 60,
            "avg": 22.37606200611043,
            "p50": 22.247475371183693,
            "p95": 23.8747318431831,
            "p99": 28.45839125703917,
            "max": 28.45839125703917
          },
          "powder_ms": {
            "n": 60,
            "avg": 0,
            "p50": 0,
            "p95": 0,
            "p99": 0,
            "max": 0
          },
          "liquid_ms": {
            "n": 60,
            "avg": 0,
            "p50": 0,
            "p95": 0,
            "p99": 0,
            "max": 0
          },
          "gas_ms": {
            "n": 60,
            "avg": 0,
            "p50": 0,
            "p95": 0,
            "p99": 0,
            "max": 0
          },
          "energy_ms": {
            "n": 60,
            "avg": 0,
            "p50": 0,
            "p95": 0,
            "p99": 0,
            "max": 0
          },
          "utility_ms": {
            "n": 60,
            "avg": 0,
            "p50": 0,
            "p95": 0,
            "p99": 0,
            "max": 0
          },
          "bio_ms": {
            "n": 60,
            "avg": 0,
            "p50": 0,
            "p95": 0,
            "p99": 0,
            "max": 0
          }
        },
        "perfCounters": {
          "particles_processed": {
            "n": 60,
            "avg": 4000000,
            "p50": 4000000,
            "p95": 4000000,
            "p99": 4000000,
            "max": 4000000
          },
          "chunk_empty_cells": {
            "n": 60,
            "avg": 2319116.8,
            "p50": 2319103,
            "p95": 2319984,
            "p99": 2320078,
            "max": 2320078
          },
          "chunk_non_empty_cells": {
            "n": 60,
            "avg": 1680883.2,
            "p50": 1680932,
            "p95": 1681651,
            "p99": 1681695,
            "max": 1681695
          },
          "particles_moved": {
            "n": 60,
            "avg": 15546.95,
            "p50": 14257,
            "p95": 32634,
            "p99": 38591,
            "max": 38591
          },
          "reactions_checked": {
            "n": 60,
            "avg": 1110361.25,
            "p50": 1111340,
            "p95": 1119034,
            "p99": 1119557,
            "max": 1119557
          },
          "reactions_applied": {
            "n": 60,
            "avg": 27.6,
            "p50": 28,
            "p95": 39,
            "p99": 43,
            "max": 43
          },
          "temp_cells": {
            "n": 60,
            "avg": 1678647.7666666666,
            "p50": 1678666,
            "p95": 1679694,
            "p99": 1679783,
            "max": 1679783
          },
          "simd_air_cells": {
            "n": 60,
            "avg": 2321352.2333333334,
            "p50": 2321377,
            "p95": 2322410,
            "p99": 2322482,
            "max": 2322482
          },
          "phase_changes": {
            "n": 60,
            "avg": 0,
            "p50": 0,
            "p95": 0,
            "p99": 0,
            "max": 0
          },
          "liquid_scans": {
            "n": 60,
            "avg": 589978.1666666666,
            "p50": 586318,
            "p95": 1202140,
            "p99": 1245342,
            "max": 1245342
          },
          "physics_calls": {
            "n": 60,
            "avg": 1678686.0833333333,
            "p50": 1678719,
            "p95": 1679724,
            "p99": 1679817,
            "max": 1679817
          },
          "raycast_steps_total": {
            "n": 60,
            "avg": 4667763.216666667,
            "p50": 4807157,
            "p95": 5699391,
            "p99": 5822997,
            "max": 5822997
          },
          "raycast_collisions": {
            "n": 60,
            "avg": 297735.8333333333,
            "p50": 296455,
            "p95": 606436,
            "p99": 627537,
            "max": 627537
          },
          "behavior_calls": {
            "n": 60,
            "avg": 1117951.55,
            "p50": 1118171,
            "p95": 1119789,
            "p99": 1119867,
            "max": 1119867
          },
          "behavior_powder": {
            "n": 60,
            "avg": 0,
            "p50": 0,
            "p95": 0,
            "p99": 0,
            "max": 0
          },
          "behavior_liquid": {
            "n": 60,
            "avg": 1117496.1333333333,
            "p50": 1117653,
            "p95": 1119717,
            "p99": 1119820,
            "max": 1119820
          },
          "behavior_gas": {
            "n": 60,