{
  "meta": {
    "startedAt": "2025-12-18T15:57:59.150Z",
    "runs": 1,
    "seed": 1337,
    "enginePerf": true,
    "warmupStepsOverride": null,
    "measureStepsOverride": null,
    "baselineConfig": {},
    "optimizations": [],
    "worlds": [
      {
        "width": 250,
        "height": 250
      },
      {
        "width": 500,
        "height": 500
      },
      {
        "width": 1000,
        "height": 1000
      },
      {
        "width": 2000,
        "height": 2000
      }
    ],
    "targetParticles": 200000,
    "targetDensity": null,
    "randomElementsN": 5,
    "contentBundleLoaded": true
  },
  "worlds": [
    {
      "world": {
        "width": 250,
        "height": 250,
        "cells": 62500
      },
      "scenarios": [
        {
          "id": "random5_elements_scatter",
          "label": "Random scatter (5 elements, target=62500)",
          "baseline": {
            "config": {},
            "outer": {
              "n": 240,
              "avg": 2.9869973833333314,
              "p50": 2.983698000000004,
              "p95": 3.072746000000052,
              "p99": 3.196224999999913,
              "max": 3.3671980000000303
            },
            "fps": {
              "n": 240,
              "avg": 334.7843575557648,
              "p50": 335.1545632299243,
              "p95": 325.4418035203636,
              "p99": 312.8690877519659,
              "min": 296.98283261037545
            },
            "perfStepMs": {
              "n": 240,
              "avg": 2.975,
              "p50": 3,
              "p95": 3,
              "p99": 4,
              "max": 4
            },
            "perfBreakdown": {
              "rigid_ms": {
                "n": 240,
                "avg": 0,
                "p50": 0,
                "p95": 0,
                "p99": 0,
                "max": 0
              },
              "physics_ms": {
                "n": 240,
                "avg": 1.1708333333333334,
                "p50": 1,
                "p95": 2,
                "p99": 2,
                "max": 2
              },
              "chunks_ms": {
                "n": 240,
                "avg": 1.1541666666666666,
                "p50": 1,
                "p95": 2,
                "p99": 2,
                "max": 2
              },
              "temperature_ms": {
                "n": 240,
                "avg": 0.6416666666666667,
                "p50": 1,
                "p95": 1,
                "p99": 1,
                "max": 1
              },
              "powder_ms": {
                "n": 240,
                "avg": 0,
                "p50": 0,
                "p95": 0,
                "p99": 0,
                "max": 0
              },
              "liquid_ms": {
                "n": 240,
                "avg": 0,
                "p50": 0,
                "p95": 0,
                "p99": 0,
                "max": 0
              },
              "gas_ms": {
                "n": 240,
                "avg": 0,
                "p50": 0,
                "p95": 0,
                "p99": 0,
                "max": 0
              },
              "energy_ms": {
                "n": 240,
                "avg": 0,
                "p50": 0,
                "p95": 0,
                "p99": 0,
                "max": 0
              },
              "utility_ms": {
                "n": 240,
                "avg": 0,
                "p50": 0,
                "p95": 0,
                "p99": 0,
                "max": 0
              },
              "bio_ms": {
                "n": 240,
                "avg": 0,
                "p50": 0,
                "p95": 0,
                "p99": 0,
                "max": 0
              }
            },
            "endState": {
              "particleCount": 47491,
              "activeChunks": 64,
              "totalChunks": 64
            },
            "spawns": [
              [
                {
                  "placed": 59395,
                  "elapsedMs": 10.115838999999994,
                  "elements": [
                    {
                      "id": 14,
                      "key": "base:electricity"
                    },
                    {
                      "id": 15,
                      "key": "base:gunpowder"
                    },
                    {
                      "id": 1,
                      "key": "base:stone"
                    },
                    {
                      "id": 10,
                      "key": "base:steam"
                    },
                    {
                      "id": 11,
                      "key": "base:smoke"
                    }
                  ]
                }
              ]
            ]
          },
          "variants": []
        }
      ]
    },
    {
      "world": {
        "width": 500,
        "height": 500,
        "cells": 250000
      },
      "scenarios": [
        {
          "id": "random5_elements_scatter",
          "label": "Random scatter (5 elements, target=200000)",
          "baseline": {
            "config": {},
            "outer": {
              "n": 240,
              "avg": 11.695558508333344,
              "p50": 11.485989999999674,
              "p95": 13.060355999999956,
              "p99": 14.840126000000055,
              "max": 16.282701999999972
            },
            "fps": {
              "n": 240,
              "avg": 85.50254349011874,
              "p50": 87.06258668169033,
              "p95": 76.56759126627202,
              "p99": 67.38487260822424,
              "min": 61.41486836767029
            },
            "perfStepMs": {
              "n": 240,
              "avg": 11.691666666666666,
              "p50": 12,
              "p95": 13,
              "p99": 15,
              "max": 16
            },
            "perfBreakdown": {
              "rigid_ms": {
                "n": 240,
                "avg": 0,
                "p50": 0,
                "p95": 0,
                "p99": 0,
                "max": 0
              },
              "physics_ms": {
                "n": 240,
                "avg": 4.129166666666666,
                "p50": 4,
                "p95": 5,
                "p99": 6,
                "max": 7
              },
              "chunks_ms": {
                "n": 240,
                "avg": 4.7,
                "p50": 5,
                "p95": 6,
                "p99": 6,
                "max": 8
              },
              "temperature_ms": {
                "n": 240,
                "avg": 2.8625,
                "p50": 3,
                "p95": 3,
                "p99": 4,
                "max": 4
              },
              "powder_ms": {
                "n": 240,
                "avg": 0,
                "p50": 0,
                "p95": 0,
                "p99": 0,
                "max": 0
              },
              "liquid_ms": {
                "n": 240,
                "avg": 0,
                "p50": 0,
                "p95": 0,
                "p99": 0,
                "max": 0
              },
              "gas_ms": {
                "n": 240,
                "avg": 0,
                "p50": 0,
                "p95": 0,
                "p99": 0,
                "max": 0
              },
              "energy_ms": {
                "n": 240,
                "avg": 0,
                "p50": 0,
                "p95": 0,
                "p99": 0,
                "max": 0
              },
              "utility_ms": {
                "n": 240,
                "avg": 0,
                "p50": 0,
                "p95": 0,
                "p99": 0,
                "max": 0
              },
              "bio_ms": {
                "n": 240,
                "avg": 0,
                "p50": 0,
                "p95": 0,
                "p99": 0,
                "max": 0
              }
            },
            "endState": {
              "particleCount": 160000,