{
  "meta": {
    "startedAt": "2025-12-18T17:43:40.587Z",
    "runs": 1,
    "seed": 1337,
    "enginePerf": true,
    "enginePerfDetailed": false,
    "enginePerfSplit": true,
    "warmupStepsOverride": 5,
    "measureStepsOverride": 60,
    "baselineConfig": {},
    "optimizations": [],
    "worlds": [
      {
        "width": 2000,
        "height": 2000
      }
    ],
    "targetParticles": 200000,
    "targetDensity": null,
    "occupancies": [
      0.7
    ],
    "randomElementsN": 5,
    "contentBundleLoaded": true,
    "world": {
      "width": 2000,
      "height": 2000,
      "cells": 4000000
    }
  },
  "scenarios": [
    {
      "id": "random5_elements_scatter_occ_70",
      "label": "Random scatter (5 elements, target=2800000) occ=70%",
      "occupancy": 0.7,
      "targetCount": 2800000,
      "baseline": {
        "config": {},
        "outer": {
          "n": 60,
          "avg": 195.39787051666676,
          "p50": 196.13093299999946,
          "p95": 205.59969100000035,
          "p99": 208.60832200000004,
          "max": 208.60832200000004
        },
        "fps": {
          "n": 60,
          "avg": 5.117763040896106,
          "p50": 5.098634798214124,
          "p95": 4.863820539496814,
          "p99": 4.793672612926726,
          "min": 4.793672612926726
        },
        "perfStepMs": {
          "n": 60,
          "avg": 195.38627448333338,
          "p50": 196.12024699999984,
          "p95": 205.59138000000075,
          "p99": 208.59763699999894,
          "max": 208.59763699999894
        },
        "perfBreakdown": {
          "rigid_ms": {
            "n": 60,
            "avg": 0.0017413500001339343,
            "p50": 0.0011880000001838198,
            "p95": 0.002375000000029104,
            "p99": 0.002375000000029104,
            "max": 0.002375000000029104
          },
          "physics_ms": {
            "n": 60,
            "avg": 83.77060940000004,
            "p50": 85.1000939999999,
            "p95": 92.41389400000025,
            "p99": 93.41835400000036,
            "max": 93.41835400000036
          },
          "chunks_ms": {
            "n": 60,
            "avg": 53.55731534999989,
            "p50": 53.359865999998874,
            "p95": 58.77635199999895,
            "p99": 60.890942999998515,
            "max": 60.890942999998515
          },
          "chunks_empty_ms": {
            "n": 60,
            "avg": 3065.4132559061395,
            "p50": 3038.818099479249,
            "p95": 3232.2088182079438,
            "p99": 3983.6234888589624,
            "max": 3983.6234888589624
          },
          "chunks_non_empty_ms": {
            "n": 60,
            "avg": 2263.9463412885557,
            "p50": 2236.8622151499053,
            "p95": 2356.458764637677,
            "p99": 3812.8034021011113,
            "max": 3812.8034021011113
          },
          "temperature_ms": {
            "n": 60,
            "avg": 57.78817831666668,
            "p50": 57.776642000000265,
            "p95": 59.01618800000051,
            "p99": 59.6252750000001,
            "max": 59.6252750000001
          },
          "temperature_air_ms": {
            "n": 60,
            "avg": 3058.339878758462,
            "p50": 3053.2254829667304,
            "p95": 3206.9486345446994,
            "p99": 3242.3469314460854,
            "max": 3242.3469314460854
          },
          "temperature_particle_ms": {
            "n": 60,
            "avg": 2221.884526337582,
            "p50": 2221.4434757326194,
            "p95": 2358.8026084845137,
            "p99": 2457.1182793738776,
            "max": 2457.1182793738776
          },
          "powder_ms": {
            "n": 60,
            "avg": 0,
            "p50": 0,
            "p95": 0,
            "p99": 0,
            "max": 0
          },
          "liquid_ms": {
            "n": 60,
            "avg": 0,
            "p50": 0,
            "p95": 0,
            "p99": 0,
            "max": 0
          },
          "gas_ms": {
            "n": 60,
            "avg": 0,
            "p50": 0,
            "p95": 0,
            "p99": 0,
            "max": 0
          },
          "energy_ms": {
            "n": 60,
            "avg": 0,
            "p50": 0,
            "p95": 0,
            "p99": 0,
            "max": 0
          },
          "utility_ms": {
            "n": 60,
            "avg": 0,
            "p50": 0,
            "p95": 0,
            "p99": 0,
            "max": 0
          },
          "bio_ms": {
            "n": 60,
            "avg": 0,
            "p50": 0,
            "p95": 0,
            "p99": 0,
            "max": 0
          }
        },
        "perfCounters": {
          "particles_processed": {
            "n": 60,
            "avg": 4000000,
            "p50": 4000000,
            "p95": 4000000,
            "p99": 4000000,
            "max": 4000000
          },
          "chunk_empty_cells": {
            "n": 60,
            "avg": 2319116.8,
            "p50": 2319103,
            "p95": 2319984,
            "p99": 2320078,
            "max": 2320078
          },
          "chunk_non_empty_cells": {
            "n": 60,
            "avg": 1680883.2,
            "p50": 1680932,
            "p95": 1681651,
            "p99": 1681695,
            "max": 1681695
          },
          "particles_moved": {
            "n": 60,
            "avg": 15546.95,
            "p50": 14257,
            "p95": 32634,
            "p99": 38591,
            "max": 38591
          },
          "reactions_checked": {
            "n": 60,
            "avg": 1110361.25,
            "p50": 1111340,
            "p95": 1119034,
            "p99": 1119557,
            "max": 1119557
          },
          "reactions_applied": {
            "n": 60,
            "avg": 27.6,
            "p50": 28,
            "p95": 39,
            "p99": 43,
            "max": 43
          },
          "temp_cells": {
            "n": 60,
            "avg": 1678647.7666666666,
            "p50": 1678666,
            "p95": 1679694,
            "p99": 1679783,
            "max": 1679783
          },
          "simd_air_cells": {
            "n": 60,
            "avg": 2321352.2333333334,
            "p50": 2321377,
            "p95": 2322410,
            "p99": 2322482,
            "max": 2322482
          },
          "phase_changes": {
            "n": 60,
            "avg": 0,
            "p50": 0,
            "p95": 0,
            "p99": 0,
            "max": 0
          },
          "liquid_scans": {
            "n": 60,
            "avg": 589978.1666666666,
            "p50": 586318,
            "p95": 1202140,
            "p99": 1245342,
            "max": 1245342
          },
          "physics_calls": {
            "n": 60,
            "avg": 1678686.0833333333,
            "p50": 1678719,
            "p95": 1679724,
            "p99": 1679817,
            "max": 1679817
          },
          "raycast_steps_total": {
            "n": 60,
            "avg": 4667763.216666667,
            "p50": 4807157,
            "p95": 5699391,
            "p99": 5822997,
            "max": 5822997
          },
          "raycast_collisions": {
            "n": 60,
            "avg": 297735.8333333333,
            "p50": 296455,
            "p95": 606436,
            "p99": 627537,
            "max": 627537
          },
          "behavior_calls": {
            "n": 60,
            "avg": 1117951.55,
            "p50": 1118171,
            "p95": 1119789,
            "p99": 1119867,
            "max": 1119867
          },
          "behavior_powder": {
            "n": 60,
            "avg": 0,
            "p50": 0,
            "p95": 0,
            "p99": 0,
            "max": 0
          },
          "behavior_liquid": {
            "n": 60,
            "avg": 1117496.1333333333,
            "p50": 1117653,
            "p95": 1119717,
            "p99": 1119820,
            "max": 1119820
          },
          "behavior_gas": {
            "n": 60,