{
  "meta": {
    "startedAt": "2025-12-18T17:35:56.795Z",
    "runs": 1,
    "seed": 1337,
    "enginePerf": true,
    "enginePerfDetailed": true,
    "warmupStepsOverride": 5,
    "measureStepsOverride": 30,
    "baselineConfig": {},
    "optimizations": [],
    "worlds": [
      {
        "width": 2000,
        "height": 2000
      }
    ],
    "targetParticles": 200000,
    "targetDensity": null,
    "occupancies": [
      0.7
    ],
    "randomElementsN": 5,
    "contentBundleLoaded": true,
    "world": {
      "width": 2000,
      "height": 2000,
      "cells": 4000000
    }
  },
  "scenarios": [
    {
      "id": "random5_elements_scatter_occ_70",
      "label": "Random scatter (5 elements, target=2800000) occ=70%",
      "occupancy": 0.7,
      "targetCount": 2800000,
      "baseline": {
        "config": {},
        "outer": {
          "n": 30,
          "avg": 2995.7737626333337,
          "p50": 2991.627772000007,
          "p95": 3092.0239180000062,
          "p99": 3109.6874570000073,
          "max": 3109.6874570000073
        },
        "fps": {
          "n": 30,
          "avg": 0.3338035777177592,
          "p50": 0.334266184235703,
          "p95": 0.3234127634584481,
          "p99": 0.3215757254797319,
          "min": 0.3215757254797319
        },
        "perfStepMs": {
          "n": 30,
          "avg": 2995.7622458666665,
          "p50": 2991.619461000002,
          "p95": 3092.014420000007,
          "p99": 3109.677958,
          "max": 3109.677958
        },
        "perfBreakdown": {
          "rigid_ms": {
            "n": 30,
            "avg": 0.00162266666496483,
            "p50": 0.0011870000016642734,
            "p95": 0.002375000000029104,
            "p99": 0.0023750000109430403,
            "max": 0.0023750000109430403
          },
          "physics_ms": {
            "n": 30,
            "avg": 87.63293273333329,
            "p50": 88.65726100000029,
            "p95": 93.77217100000416,
            "p99": 105.64878399999725,
            "max": 105.64878399999725
          },
          "chunks_ms": {
            "n": 30,
            "avg": 2845.6919051666678,
            "p50": 2838.9035279999953,
            "p95": 2937.990076000002,
            "p99": 2955.5289480000065,
            "max": 2955.5289480000065
          },
          "chunks_empty_ms": {
            "n": 30,
            "avg": 2973.8388505712364,
            "p50": 2963.104717460324,
            "p95": 3079.7321385527516,
            "p99": 3125.719134008084,
            "max": 3125.719134008084
          },
          "chunks_non_empty_ms": {
            "n": 30,
            "avg": 4954.549677192486,
            "p50": 4969.3445900377355,
            "p95": 5082.811924464415,
            "p99": 5092.381222632803,
            "max": 5092.381222632803
          },
          "temperature_ms": {
            "n": 30,
            "avg": 58.97051639999991,
            "p50": 58.58282199999667,
            "p95": 61.29462700000295,
            "p99": 66.88327199999912,
            "max": 66.88327199999912
          },
          "temperature_air_ms": {
            "n": 30,
            "avg": 3095.6241640151934,
            "p50": 3068.822432063403,
            "p95": 3242.262248827701,
            "p99": 3975.8810621186844,
            "max": 3975.8810621186844
          },
          "temperature_particle_ms": {
            "n": 30,
            "avg": 2192.395149709278,
            "p50": 2179.7715951943474,
            "p95": 2274.144300375635,
            "p99": 2453.665274164675,
            "max": 2453.665274164675
          },
          "powder_ms": {
            "n": 30,
            "avg": 0,
            "p50": 0,
            "p95": 0,
            "p99": 0,
            "max": 0
          },
          "liquid_ms": {
            "n": 30,
            "avg": 1406.3541594009605,
            "p50": 1402.5171350053279,
            "p95": 1455.919258003778,
            "p99": 1464.997986000497,
            "max": 1464.997986000497
          },
          "gas_ms": {
            "n": 30,
            "avg": 0.321759866696569,
            "p50": 0.3051410000480246,
            "p95": 0.5995870002079755,
            "p99": 0.6090990001684986,
            "max": 0.6090990001684986
          },
          "energy_ms": {
            "n": 30,
            "avg": 0,
            "p50": 0,
            "p95": 0,
            "p99": 0,
            "max": 0
          },
          "utility_ms": {
            "n": 30,
            "avg": 0,
            "p50": 0,
            "p95": 0,
            "p99": 0,
            "max": 0
          },
          "bio_ms": {
            "n": 30,
            "avg": 0,
            "p50": 0,
            "p95": 0,
            "p99": 0,
            "max": 0
          }
        },
        "perfCounters": {
          "particles_processed": {
            "n": 30,
            "avg": 4000000,
            "p50": 4000000,
            "p95": 4000000,
            "p99": 4000000,
            "max": 4000000
          },
          "chunk_empty_cells": {
            "n": 30,
            "avg": 2319562.533333333,
            "p50": 2319559,
            "p95": 2320060,
            "p99": 2320078,
            "max": 2320078
          },
          "chunk_non_empty_cells": {
            "n": 30,
            "avg": 1680437.4666666666,
            "p50": 1680495,
            "p95": 1680932,
            "p99": 1680933,
            "max": 1680933
          },
          "particles_moved": {
            "n": 30,
            "avg": 7858.733333333334,
            "p50": 7985,
            "p95": 18953,
            "p99": 19494,
            "max": 19494
          },
          "reactions_checked": {
            "n": 30,
            "avg": 1115290.8,
            "p50": 1115835,
            "p95": 1119395,
            "p99": 1119557,
            "max": 1119557
          },
          "reactions_applied": {
            "n": 30,
            "avg": 26.6,
            "p50": 28,
            "p95": 39,
            "p99": 40,
            "max": 40
          },
          "temp_cells": {
            "n": 30,
            "avg": 1679229.3,
            "p50": 1679260,
            "p95": 1679724,
            "p99": 1679783,
            "max": 1679783
          },
          "simd_air_cells": {
            "n": 30,
            "avg": 2320770.7,
            "p50": 2320775,
            "p95": 2321281,
            "p99": 2321334,
            "max": 2321334
          },
          "phase_changes": {
            "n": 30,
            "avg": 0,
            "p50": 0,
            "p95": 0,
            "p99": 0,
            "max": 0
          },
          "liquid_scans": {
            "n": 30,
            "avg": 270252.6,
            "p50": 264904,
            "p95": 543350,
            "p99": 563996,
            "max": 563996
          },
          "physics_calls": {
            "n": 30,
            "avg": 1679267.6666666667,
            "p50": 1679301,
            "p95": 1679783,
            "p99": 1679817,
            "max": 1679817
          },
          "raycast_steps_total": {
            "n": 30,
            "avg": 4779721.066666666,
            "p50": 5143820,
            "p95": 5760969,
            "p99": 5822997,
            "max": 5822997
          },
          "raycast_collisions": {
            "n": 30,
            "avg": 136551.86666666667,
            "p50": 133843,
            "p95": 274396,
            "p99": 284283,
            "max": 284283
          },
          "behavior_calls": {
            "n": 30,
            "avg": 1119145.5666666667,
            "p50": 1119320,
            "p95": 1119863,
            "p99": 1119867,
            "max": 1119867
          },
          "behavior_powder": {
            "n": 30,
            "avg": 0,
            "p50": 0,
            "p95": 0,
            "p99": 0,
            "max": 0
          },
          "behavior_liquid": {
            "n": 30,
            "avg": 1118925.1666666667,
            "p50": 1119111,
            "p95": 1119806,