{
  "meta": {
    "startedAt": "2025-12-18T18:21:33.946Z",
    "runs": 1,
    "seed": 1337,
    "enginePerf": true,
    "enginePerfDetailed": false,
    "enginePerfSplit": true,
    "warmupStepsOverride": 5,
    "measureStepsOverride": 60,
    "baselineConfig": {},
    "optimizations": [],
    "worlds": [
      {
        "width": 2000,
        "height": 2000
      }
    ],
    "targetParticles": 200000,
    "targetDensity": null,
    "occupancies": [
      0.7
    ],
    "randomElementsN": 5,
    "contentBundleLoaded": true,
    "world": {
      "width": 2000,
      "height": 2000,
      "cells": 4000000
    }
  },
  "scenarios": [
    {
      "id": "random5_elements_scatter_occ_70",
      "label": "Random scatter (5 elements, target=2800000) occ=70%",
      "occupancy": 0.7,
      "targetCount": 2800000,
      "baseline": {
        "config": {},
        "outer": {
          "n": 60,
          "avg": 187.48335928333327,
          "p50": 187.88397599999917,
          "p95": 196.246169,
          "p99": 202.82740299999932,
          "max": 202.82740299999932
        },
        "fps": {
          "n": 60,
          "avg": 5.3338067112866,
          "p50": 5.32243367044779,
          "p95": 5.095640873376743,
          "p99": 4.930300271112791,
          "min": 4.930300271112791
        },
        "perfStepMs": {
          "n": 60,
          "avg": 187.47067491666667,
          "p50": 187.87447799999973,
          "p95": 196.2378579999986,
          "p99": 202.81790499999988,
          "max": 202.81790499999988
        },
        "perfBreakdown": {
          "rigid_ms": {
            "n": 60,
            "avg": 0.0016028999999548432,
            "p50": 0.001187999999274325,
            "p95": 0.002375000000029104,
            "p99": 0.011873000000377942,
            "max": 0.011873000000377942
          },
          "physics_ms": {
            "n": 60,
            "avg": 89.6638492,
            "p50": 90.86092999999983,
            "p95": 97.83753799999977,
            "p99": 99.22312299999976,
            "max": 99.22312299999976
          },
          "physics_raycast_ms": {
            "n": 60,
            "avg": 53.86172287593422,
            "p50": 54.351599921645104,
            "p95": 66.51543405349707,
            "p99": 71.08422251752644,
            "max": 71.08422251752644
          },
          "physics_other_ms": {
            "n": 60,
            "avg": 35.8021263240658,
            "p50": 36.925250144219625,
            "p95": 44.21260827028018,
            "p99": 46.097363790581774,
            "max": 46.097363790581774
          },
          "chunks_ms": {
            "n": 60,
            "avg": 51.85685518333333,
            "p50": 52.00991899999963,
            "p95": 57.39909799999987,
            "p99": 57.48933399999987,
            "max": 57.48933399999987
          },
          "chunks_empty_ms": {
            "n": 60,
            "avg": 11.716131640045266,
            "p50": 11.625766175175931,
            "p95": 14.574319936923839,
            "p99": 15.643127884645699,
            "max": 15.643127884645699
          },
          "chunks_non_empty_ms": {
            "n": 60,
            "avg": 43.563210432648695,
            "p50": 43.94692264380426,
            "p95": 49.7444441349523,
            "p99": 51.500366147446826,
            "max": 51.500366147446826
          },
          "temperature_ms": {
            "n": 60,
            "avg": 45.68276743333333,
            "p50": 45.63883800000076,
            "p95": 47.04816899999969,
            "p99": 47.16690000000017,
            "max": 47.16690000000017
          },
          "temperature_air_ms": {
            "n": 60,
            "avg": 28.125009313288345,
            "p50": 27.97644391262907,
            "p95": 31.257926889408115,
            "p99": 35.79819305672469,
            "max": 35.79819305672469
          },
          "temperature_particle_ms": {
            "n": 60,
            "avg": 23.601274717211442,
            "p50": 23.088138211733558,
            "p95": 29.10077761971725,
            "p99": 37.16563862628365,
            "max": 37.16563862628365
          },
          "powder_ms": {
            "n": 60,
            "avg": 0,
            "p50": 0,
            "p95": 0,
            "p99": 0,
            "max": 0
          },
          "liquid_ms": {
            "n": 60,
            "avg": 0,
            "p50": 0,
            "p95": 0,
            "p99": 0,
            "max": 0
          },
          "gas_ms": {
            "n": 60,
            "avg": 0,
            "p50": 0,
            "p95": 0,
            "p99": 0,
            "max": 0
          },
          "energy_ms": {
            "n": 60,
            "avg": 0,
            "p50": 0,
            "p95": 0,
            "p99": 0,
            "max": 0
          },
          "utility_ms": {
            "n": 60,
            "avg": 0,
            "p50": 0,
            "p95": 0,
            "p99": 0,
            "max": 0
          },
          "bio_ms": {
            "n": 60,
            "avg": 0,
            "p50": 0,
            "p95": 0,
            "p99": 0,
            "max": 0
          }
        },
        "perfCounters": {
          "particles_processed": {
            "n": 60,
            "avg": 4000000,
            "p50": 4000000,
            "p95": 4000000,
            "p99": 4000000,
            "max": 4000000
          },
          "chunk_empty_cells": {
            "n": 60,
            "avg": 2319116.8,
            "p50": 2319103,
            "p95": 2319984,
            "p99": 2320078,
            "max": 2320078
          },
          "chunk_non_empty_cells": {
            "n": 60,
            "avg": 1680883.2,
            "p50": 1680932,
            "p95": 1681651,
            "p99": 1681695,
            "max": 1681695
          },
          "particles_moved": {
            "n": 60,
            "avg": 15546.95,
            "p50": 14257,
            "p95": 32634,
            "p99": 38591,
            "max": 38591
          },
          "reactions_checked": {
            "n": 60,
            "avg": 1110361.25,
            "p50": 1111340,
            "p95": 1119034,
            "p99": 1119557,
            "max": 1119557
          },
          "reactions_applied": {
            "n": 60,
            "avg": 27.6,
            "p50": 28,
            "p95": 39,
            "p99": 43,
            "max": 43
          },
          "temp_cells": {
            "n": 60,
            "avg": 1678647.7666666666,
            "p50": 1678666,
            "p95": 1679694,
            "p99": 1679783,
            "max": 1679783
          },
          "simd_air_cells": {
            "n": 60,
            "avg": 2321352.2333333334,
            "p50": 2321377,
            "p95": 2322410,
            "p99": 2322482,
            "max": 2322482
          },
          "phase_changes": {
            "n": 60,
            "avg": 0,
            "p50": 0,
            "p95": 0,
            "p99": 0,
            "max": 0
          },
          "liquid_scans": {
            "n": 60,
            "avg": 589978.1666666666,
            "p50": 586318,
            "p95": 1202140,
            "p99": 1245342,
            "max": 1245342
          },
          "physics_calls": {
            "n": 60,
            "avg": 1678686.0833333333,
            "p50": 1678719,
            "p95": 1679724,
            "p99": 1679817,
            "max": 1679817
          },
          "raycast_steps_total": {
            "n": 60,
            "avg": 4667763.216666667,
            "p50": 4807157,
            "p95": 5699391,
            "p99": 5822997,
            "max": 5822997
          },
          "raycast_collisions": {
            "n": 60,
            "avg": 297735.8333333333,
            "p50": 296455,
            "p95": 606436,
            "p99": 627537,
            "max": 627537
          },
          "behavior_calls": {
            "n": 60,
            "avg": 1117951.55,
            "p50": 1118171,
            "p95": 1119789,